-- DROP TABLES IF THEY ALREADY EXIST TO PREVENT CONFLICTS
DROP TABLE IF EXISTS Bookings;

DROP TABLE IF EXISTS Matches;

DROP TABLE IF EXISTS Users;

-- =========================================================================
-- 1. CREATE USERS TABLE
-- =========================================================================
CREATE TABLE Users (
    user_id INT PRIMARY KEY,
    full_name VARCHAR(200),
    email VARCHAR(200) UNIQUE,
    role VARCHAR(50) CHECK (
        role IN (
            'Football Fan',
            'Ticket Manager'
        )
    ),
    phone_number VARCHAR(20)
);

-- =========================================================================
-- 2. CREATE MATCHES TABLE
-- =========================================================================
CREATE TABLE Matches (
    match_id INT PRIMARY KEY,
    fixture VARCHAR(200),
    tournament_category VARCHAR(100),
    base_ticket_price DECIMAL(10, 2) CHECK (base_ticket_price >= 0),
    match_status VARCHAR(30) CHECK (
        match_status IN (
            'Available',
            'Selling Fast',
            'Sold Out',
            'Postponed'
        )
    )
);

-- =========================================================================
-- 3. CREATE BOOKINGS TABLE
-- =========================================================================
CREATE TABLE Bookings (
    booking_id INT PRIMARY KEY,
    user_id INT REFERENCES users (user_id),
    match_id INT REFERENCES matches (match_id),
    seat_number VARCHAR(20),
    payment_status VARCHAR(30) CHECK (
        payment_status IN (
            'Pending',
            'Confirmed',
            'Cancelled',
            'Refunded'
        )
    ),
    total_cost DECIMAL(10, 2) CHECK (total_cost >= 0)
);

-- =========================================================================
-- DATA SEEDING: INSERT SAMPLE DATA INTO USERS
-- =========================================================================
INSERT INTO
    Users (
        user_id,
        full_name,
        email,
        role,
        phone_number
    )
VALUES (
        1,
        'Tanvir Rahman',
        'tanvir@mail.com',
        'Football Fan',
        '+8801711111111'
    ),
    (
        2,
        'Asif Haque',
        'asif@mail.com',
        'Football Fan',
        '+8801722222222'
    ),
    (
        3,
        'Sajjad Rahman',
        'sajjad@mail.com',
        'Ticket Manager',
        '+8801733333333'
    ),
    (
        4,
        'Jannat Ara',
        'jannat@mail.com',
        'Football Fan',
        NULL
    );

-- =========================================================================
-- DATA SEEDING: INSERT SAMPLE DATA INTO MATCHES
-- =========================================================================
INSERT INTO
    Matches (
        match_id,
        fixture,
        tournament_category,
        base_ticket_price,
        match_status
    )
VALUES (
        101,
        'Real Madrid vs Barcelona',
        'Champions League',
        150.00,
        'Available'
    ),
    (
        102,
        'Man City vs Liverpool',
        'Premier League',
        120.00,
        'Selling Fast'
    ),
    (
        103,
        'Bayern Munich vs PSG',
        'Champions League',
        130.00,
        'Available'
    ),
    (
        104,
        'AC Milan vs Inter Milan',
        'Serie A',
        90.00,
        'Sold Out'
    ),
    (
        105,
        'Juventus vs Roma',
        'Serie A',
        80.00,
        'Available'
    );

-- =========================================================================
-- DATA SEEDING: INSERT SAMPLE DATA INTO BOOKINGS
-- =========================================================================
INSERT INTO
    Bookings (
        booking_id,
        user_id,
        match_id,
        seat_number,
        payment_status,
        total_cost
    )
VALUES (
        501,
        1,
        101,
        'A-12',
        'Confirmed',
        150.00
    ),
    (
        502,
        1,
        102,
        'B-04',
        'Confirmed',
        120.00
    ),
    (
        503,
        2,
        101,
        'A-13',
        'Confirmed',
        150.00
    ),
    (
        504,
        2,
        101,
        NULL,
        NULL,
        150.00
    ),
    (
        505,
        3,
        102,
        'C-20',
        'Pending',
        120.00
    );

SELECT
    match_id,
    fixture,
    base_ticket_price
FROM matches
WHERE
    match_status = 'Available'
    AND tournament_category = 'Champions League';

SELECT user_id, full_name, email
FROM users
WHERE
    full_name ILIKE 'tanvir%'
    OR full_name ILIKE '%haque%';

SELECT
    booking_id,
    user_id,
    match_id,
    COALESCE(
        payment_status,
        'Action Required'
    ) AS systematic_status
FROM bookings
WHERE
    payment_status IS NULL;

SELECT
    booking_id,
    full_name,
    fixture,
    total_cost
FROM bookings
    INNER JOIN matches USING (match_id)
    INNER JOIN users USING (user_id);

SELECT user_id, full_name, booking_id
FROM users
    LEFT JOIN bookings USING (user_id);

SELECT booking_id, match_id, total_cost
FROM bookings
WHERE
    total_cost > (
        SELECT AVG(total_cost)
        FROM bookings
    );

SELECT
    match_id,
    fixture,
    base_ticket_price
FROM matches
ORDER BY base_ticket_price DESC
OFFSET
    1
LIMIT 2;